theta_deg,ptx_sat_dbm,slant_km,fspl_db,gt_dbi,perdida_atm_db,I_teorico_dbm,I_SHARC_P619_dbm,IN_db,INI_db,CI_db,CNI_db
10,43,1719.01,156.121,30.0,0.1689,-90.121,-90.29,8.71,-0.548,15.99,15.442
10,40,1719.01,156.121,30.0,0.1689,-93.121,-93.29,5.71,-1.033,18.99,17.957
10,37,1719.01,156.121,30.0,0.1689,-96.121,-96.29,2.71,-1.863,21.99,20.127
10,34,1719.01,156.121,30.0,0.1689,-99.121,-99.29,-0.29,-3.158,24.99,21.832
10,31,1719.01,156.121,30.0,0.1689,-102.121,-102.29,-3.29,-4.96,27.99,23.03
10,28,1719.01,156.121,30.0,0.1689,-105.121,-105.29,-6.29,-7.207,30.99,23.784
10,25,1719.01,156.121,30.0,0.1689,-108.121,-108.29,-9.29,-9.774,33.99,24.217
10,22,1719.01,156.121,30.0,0.1689,-111.121,-111.29,-12.29,-12.539,36.99,24.451
10,19,1719.01,156.121,30.0,0.1689,-114.121,-114.29,-15.29,-15.417,39.99,24.573
10,16,1719.01,156.121,30.0,0.1689,-117.121,-117.29,-18.29,-18.354,42.99,24.636
10,13,1719.01,156.121,30.0,0.1689,-120.121,-120.29,-21.29,-21.322,45.99,24.668
10,10,1719.01,156.121,30.0,0.1689,-123.121,-123.29,-24.29,-24.306,48.99,24.684
10,7,1719.01,156.121,30.0,0.1689,-126.121,-126.29,-27.29,-27.298,51.99,24.692
10,4,1719.01,156.121,30.0,0.1689,-129.121,-129.29,-30.29,-30.294,54.99,24.696
10,1,1719.01,156.121,30.0,0.1689,-132.121,-132.29,-33.29,-33.292,57.99,24.698
20,43,1213.129,153.094,26.25,0.087,-90.844,-90.931,8.069,-0.63,16.631,16.001
20,40,1213.129,153.094,26.25,0.087,-93.844,-93.931,5.069,-1.177,19.631,18.454
20,37,1213.129,153.094,26.25,0.087,-96.844,-96.931,2.069,-2.098,22.631,20.533
20,34,1213.129,153.094,26.25,0.087,-99.844,-99.931,-0.931,-3.501,25.631,22.13
20,31,1213.129,153.094,26.25,0.087,-102.844,-102.931,-3.931,-5.406,28.631,23.225
20,28,1213.129,153.094,26.25,0.087,-105.844,-105.931,-6.931,-7.733,31.631,23.898
20,25,1213.129,153.094,26.25,0.087,-108.844,-108.931,-9.931,-10.351,34.631,24.28
20,22,1213.129,153.094,26.25,0.087,-111.844,-111.931,-12.931,-13.147,37.631,24.484
20,19,1213.129,153.094,26.25,0.087,-114.844,-114.931,-15.931,-16.04,40.631,24.591
20,16,1213.129,153.094,26.25,0.087,-117.844,-117.931,-18.931,-18.986,43.631,24.645
20,13,1213.129,153.094,26.25,0.087,-120.844,-120.931,-21.931,-21.959,46.631,24.672
20,10,1213.129,153.094,26.25,0.087,-123.844,-123.931,-24.931,-24.945,49.631,24.686
20,7,1213.129,153.094,26.25,0.087,-126.844,-126.931,-27.931,-27.938,52.631,24.693
20,4,1213.129,153.094,26.25,0.087,-129.844,-129.931,-30.931,-30.934,55.631,24.696
20,1,1213.129,153.094,26.25,0.087,-132.844,-132.931,-33.931,-33.933,58.631,24.698
30,43,926.182,150.75,22.5,0.0597,-92.25,-92.309,6.691,-0.843,18.009,17.166
30,40,926.182,150.75,22.5,0.0597,-95.25,-95.309,3.691,-1.546,21.009,19.464
30,37,926.182,150.75,22.5,0.0597,-98.25,-98.309,0.691,-2.679,24.009,21.331
30,34,926.182,150.75,22.5,0.0597,-101.25,-101.309,-2.309,-4.317,27.009,22.693
30,31,926.182,150.75,22.5,0.0597,-104.25,-104.309,-5.309,-6.43,30.009,23.579
30,28,926.182,150.75,22.5,0.0597,-107.25,-107.309,-8.309,-8.907,33.009,24.102
30,25,926.182,150.75,22.5,0.0597,-110.25,-110.309,-11.309,-11.619,36.009,24.39
30,22,926.182,150.75,22.5,0.0597,-113.25,-113.309,-14.309,-14.468,39.009,24.542
30,19,926.182,150.75,22.5,0.0597,-116.25,-116.309,-17.309,-17.389,42.009,24.62
30,16,926.182,150.75,22.5,0.0597,-119.25,-119.309,-20.309,-20.35,45.009,24.66
30,13,926.182,150.75,22.5,0.0597,-122.25,-122.309,-23.309,-23.33,48.009,24.68
30,10,926.182,150.75,22.5,0.0597,-125.25,-125.309,-26.309,-26.32,51.009,24.69
30,7,926.182,150.75,22.5,0.0597,-128.25,-128.309,-29.309,-29.315,54.009,24.695
30,4,926.182,150.75,22.5,0.0597,-131.25,-131.309,-32.309,-32.312,57.009,24.697
30,1,926.182,150.75,22.5,0.0597,-134.25,-134.309,-35.309,-35.311,60.009,24.699
40,43,755.489,148.98,18.75,0.0465,-94.23,-94.277,4.723,-1.261,19.977,18.715
40,40,755.489,148.98,18.75,0.0465,-97.23,-97.277,1.723,-2.234,22.977,20.743
40,37,755.489,148.98,18.75,0.0465,-100.23,-100.277,-1.277,-3.695,25.977,22.281
40,34,755.489,148.98,18.75,0.0465,-103.23,-103.277,-4.277,-5.655,28.977,23.322
40,31,755.489,148.98,18.75,0.0465,-106.23,-106.277,-7.277,-8.022,31.977,23.955
40,28,755.489,148.98,18.75,0.0465,-109.23,-109.277,-10.277,-10.666,34.977,24.311
40,25,755.489,148.98,18.75,0.0465,-112.23,-112.277,-13.277,-13.476,37.977,24.5
40,22,755.489,148.98,18.75,0.0465,-115.23,-115.277,-16.277,-16.378,40.977,24.599
40,19,755.489,148.98,18.75,0.0465,-118.23,-118.277,-19.277,-19.328,43.977,24.649
40,16,755.489,148.98,18.75,0.0465,-121.23,-121.277,-22.277,-22.302,46.977,24.674
40,13,755.489,148.98,18.75,0.0465,-124.23,-124.277,-25.277,-25.29,49.977,24.687
40,10,755.489,148.98,18.75,0.0465,-127.23,-127.277,-28.277,-28.283,52.977,24.694
40,7,755.489,148.98,18.75,0.0465,-130.23,-130.277,-31.277,-31.28,55.977,24.697
40,4,755.489,148.98,18.75,0.0465,-133.23,-133.277,-34.277,-34.278,58.977,24.698
40,1,755.489,148.98,18.75,0.0465,-136.23,-136.277,-37.277,-37.278,61.977,24.699
50,43,649.223,147.664,15.0,0.039,-96.664,-96.703,2.297,-2.012,22.403,20.391
50,40,649.223,147.664,15.0,0.039,-99.664,-99.703,-0.703,-3.376,25.403,22.027
50,37,649.223,147.664,15.0,0.039,-102.664,-102.703,-3.703,-5.245,28.403,23.158
50,34,649.223,147.664,15.0,0.039,-105.664,-105.703,-6.703,-7.544,31.403,23.859
50,31,649.223,147.664,15.0,0.039,-108.664,-108.703,-9.703,-10.145,34.403,24.258
50,28,649.223,147.664,15.0,0.039,-111.664,-111.703,-12.703,-12.93,37.403,24.473
50,25,649.223,147.664,15.0,0.039,-114.664,-114.703,-15.703,-15.818,40.403,24.585
50,22,649.223,147.664,15.0,0.039,-117.664,-117.703,-18.703,-18.761,43.403,24.642
50,19,649.223,147.664,15.0,0.039,-120.664,-120.703,-21.703,-21.732,46.403,24.671
50,16,649.223,147.664,15.0,0.039,-123.664,-123.703,-24.703,-24.717,49.403,24.685
50,13,649.223,147.664,15.0,0.039,-126.664,-126.703,-27.703,-27.71,52.403,24.693
50,10,649.223,147.664,15.0,0.039,-129.664,-129.703,-30.703,-30.706,55.403,24.696
50,7,649.223,147.664,15.0,0.039,-132.664,-132.703,-33.703,-33.705,58.403,24.698
50,4,649.223,147.664,15.0,0.039,-135.664,-135.703,-36.703,-36.704,61.403,24.699
50,1,649.223,147.664,15.0,0.039,-138.664,-138.703,-39.703,-39.703,64.403,24.7
60,43,581.794,146.711,11.25,0.0345,-99.461,-99.496,-0.496,-3.265,25.196,21.93
60,40,581.794,146.711,11.25,0.0345,-102.461,-102.496,-3.496,-5.101,28.196,23.095
60,37,581.794,146.711,11.25,0.0345,-105.461,-105.496,-6.496,-7.374,31.196,23.822
60,34,581.794,146.711,11.25,0.0345,-108.461,-108.496,-9.496,-9.958,34.196,24.238
60,31,581.794,146.711,11.25,0.0345,-111.461,-111.496,-12.496,-12.734,37.196,24.462
60,28,581.794,146.711,11.25,0.0345,-114.461,-114.496,-15.496,-15.617,40.196,24.579
60,25,581.794,146.711,11.25,0.0345,-117.461,-117.496,-18.496,-18.557,43.196,24.639
60,22,581.794,146.711,11.25,0.0345,-120.461,-120.496,-21.496,-21.526,46.196,24.669
60,19,581.794,146.711,11.25,0.0345,-123.461,-123.496,-24.496,-24.511,49.196,24.685
60,16,581.794,146.711,11.25,0.0345,-126.461,-126.496,-27.496,-27.503,52.196,24.692
60,13,581.794,146.711,11.25,0.0345,-129.461,-129.496,-30.496,-30.5,55.196,24.696
60,10,581.794,146.711,11.25,0.0345,-132.461,-132.496,-33.496,-33.498,58.196,24.698
60,7,581.794,146.711,11.25,0.0345,-135.461,-135.496,-36.496,-36.497,61.196,24.699
60,4,581.794,146.711,11.25,0.0345,-138.461,-138.496,-39.496,-39.496,64.196,24.7
60,1,581.794,146.711,11.25,0.0345,-141.461,-141.496,-42.496,-42.496,67.196,24.7
70,43,540.092,146.065,7.5,0.0318,-102.565,-102.597,-3.597,-5.171,28.297,23.126
70,40,540.092,146.065,7.5,0.0318,-105.565,-105.597,-6.597,-7.457,31.297,23.84
70,37,540.092,146.065,7.5,0.0318,-108.565,-108.597,-9.597,-10.049,34.297,24.248
70,34,540.092,146.065,7.5,0.0318,-111.565,-111.597,-12.597,-12.829,37.297,24.468
70,31,540.092,146.065,7.5,0.0318,-114.565,-114.597,-15.597,-15.715,40.297,24.582
70,28,540.092,146.065,7.5,0.0318,-117.565,-117.597,-18.597,-18.657,43.297,24.64
70,25,540.092,146.065,7.5,0.0318,-120.565,-120.597,-21.597,-21.627,46.297,24.67
70,22,540.092,146.065,7.5,0.0318,-123.565,-123.597,-24.597,-24.612,49.297,24.685
70,19,540.092,146.065,7.5,0.0318,-126.565,-126.597,-27.597,-27.605,52.297,24.692
70,16,540.092,146.065,7.5,0.0318,-129.565,-129.597,-30.597,-30.601,55.297,24.696
70,13,540.092,146.065,7.5,0.0318,-132.565,-132.597,-33.597,-33.599,58.297,24.698
70,10,540.092,146.065,7.5,0.0318,-135.565,-135.597,-36.597,-36.598,61.297,24.699
70,7,540.092,146.065,7.5,0.0318,-138.565,-138.597,-39.597,-39.597,64.297,24.7
70,4,540.092,146.065,7.5,0.0318,-141.565,-141.597,-42.597,-42.597,67.297,24.7
70,1,540.092,146.065,7.5,0.0318,-144.565,-144.597,-45.597,-45.597,70.297,24.7
80,43,517.272,145.69,3.75,0.0304,-105.94,-105.971,-6.971,-7.766,31.671,23.905
80,40,517.272,145.69,3.75,0.0304,-108.94,-108.971,-9.971,-10.387,34.671,24.283
80,37,517.272,145.69,3.75,0.0304,-111.94,-111.971,-12.971,-13.184,37.671,24.486
80,34,517.272,145.69,3.75,0.0304,-114.94,-114.971,-15.971,-16.079,40.671,24.592
80,31,517.272,145.69,3.75,0.0304,-117.94,-117.971,-18.971,-19.025,43.671,24.645
80,28,517.272,145.69,3.75,0.0304,-120.94,-120.971,-21.971,-21.998,46.671,24.672
80,25,517.272,145.69,3.75,0.0304,-123.94,-123.971,-24.971,-24.984,49.671,24.686
80,22,517.272,145.69,3.75,0.0304,-126.94,-126.971,-27.971,-27.977,52.671,24.693
80,19,517.272,145.69,3.75,0.0304,-129.94,-129.971,-30.971,-30.974,55.671,24.697
80,16,517.272,145.69,3.75,0.0304,-132.94,-132.971,-33.971,-33.972,58.671,24.698
80,13,517.272,145.69,3.75,0.0304,-135.94,-135.971,-36.971,-36.971,61.671,24.699
80,10,517.272,145.69,3.75,0.0304,-138.94,-138.971,-39.971,-39.971,64.671,24.7
80,7,517.272,145.69,3.75,0.0304,-141.94,-141.971,-42.971,-42.971,67.671,24.7
80,4,517.272,145.69,3.75,0.0304,-144.94,-144.971,-45.971,-45.971,70.671,24.7
80,1,517.272,145.69,3.75,0.0304,-147.94,-147.971,-48.971,-48.971,73.671,24.7
90,43,510.0,145.567,0.0,0.0299,-109.567,-109.597,-10.597,-10.96,35.297,24.337
90,40,510.0,145.567,0.0,0.0299,-112.567,-112.597,-13.597,-13.783,38.297,24.514
90,37,510.0,145.567,0.0,0.0299,-115.567,-115.597,-16.597,-16.691,41.297,24.606
90,34,510.0,145.567,0.0,0.0299,-118.567,-118.597,-19.597,-19.644,44.297,24.653
90,31,510.0,145.567,0.0,0.0299,-121.567,-121.597,-22.597,-22.621,47.297,24.676
90,28,510.0,145.567,0.0,0.0299,-124.567,-124.597,-25.597,-25.609,50.297,24.688
90,25,510.0,145.567,0.0,0.0299,-127.567,-127.597,-28.597,-28.603,53.297,24.694
90,22,510.0,145.567,0.0,0.0299,-130.567,-130.597,-31.597,-31.6,56.297,24.697
90,19,510.0,145.567,0.0,0.0299,-133.567,-133.597,-34.597,-34.599,59.297,24.698
90,16,510.0,145.567,0.0,0.0299,-136.567,-136.597,-37.597,-37.598,62.297,24.699
90,13,510.0,145.567,0.0,0.0299,-139.567,-139.597,-40.597,-40.597,65.297,24.7
90,10,510.0,145.567,0.0,0.0299,-142.567,-142.597,-43.597,-43.597,68.297,24.7
90,7,510.0,145.567,0.0,0.0299,-145.567,-145.597,-46.597,-46.597,71.297,24.7
90,4,510.0,145.567,0.0,0.0299,-148.567,-148.597,-49.597,-49.597,74.297,24.7
90,1,510.0,145.567,0.0,0.0299,-151.567,-151.597,-52.597,-52.597,77.297,24.7
